{"o.maneuverNodes":[{"UT":174228.21636781434,"deltaV":[0,10.451607868063135,884.86330601508507],"PeA":733749.621742133,"ApA":52752150.852677576,"inclination":2.1988869283225827,"eccentricity":0.9512214442782736,"epoch":174228.21636781434,"period":478037.72662958753,"argumentOfPeriapsis":348.9890549080053,"sma":27342950.237209853,"lan":135.208896947884,"maae":1.782555040504729E-05,"referenceBody":"Kerbin","closestEncounterBody":"Minmus","orbitPatches":[{"startUT":174228.21636781434,"endUT":249648.24597705185,"patchEndTransition":"MANEUVER","PeA":733749.621742133,"ApA":52752150.852677576,"inclination":2.1988869283225827,"eccentricAnomaly":0.9512214442782736,"eccentricity":0.9512214442782736,"epoch":174228.21636781434,"period":478037.72662958753,"argumentOfPeriapsis":348.9890549080053,"sma":27342950.237209853,"lan":135.208896947884,"maae":1.782555040504729E-05,"referenceBody":"Kerbin","semiLatusRectum":2602440.863241273,"semiMinorAxis":8435544.5004390758,"closestEncounterBody":"Minmus"},{"startUT":249648.24597705185,"endUT":395495.55969337304,"patchEndTransition":"ESCAPE","PeA":6698344.3840048527,"ApA":-1132963560.9003463,"inclination":44.856205057993911,"eccentricAnomaly":1.0129740823498277,"eccentricity":1.0129740823498277,"epoch":249648.24597705185,"period":44608299.464286163,"argumentOfPeriapsis":235.83947151953751,"sma":-562532608.25817072,"lan":290.32434970185096,"maae":0.0093155822901108687,"referenceBody":"Kerbin","semiLatusRectum":14691378.0890653,"semiMinorAxis":-90908631.247801647,"closestEncounterBody":"Minmus"},{"startUT":395495.55969337304,"endUT":5375632.0491160313,"patchEndTransition":"MANEUVER","PeA":13296574823.318323,"ApA":14695707106.638079,"inclination":0.773078047230232,"eccentricAnomaly":0.04906570706946127,"eccentricity":0.04906570706946127,"epoch":395495.55969337304,"period":9879398.224242609,"argumentOfPeriapsis":18.705152964128875,"sma":14257740964.9782,"lan":189.21174764493912,"maae":6.0900563173396947,"referenceBody":"Sun","semiLatusRectum":14223416257.5958,"semiMinorAxis":14240568269.484917,"closestEncounterBody":null},{"startUT":5375632.0491160313,"endUT":22336272.264848411,"patchEndTransition":"FINAL","PeA":14626492528.482819,"ApA":25734480334.42527,"inclination":0.77307805907992067,"eccentricAnomaly":0.27169408179516097,"eccentricity":0.27169408179516097,"epoch":5375632.0491160313,"period":16960640.215732381,"argumentOfPeriapsis":201.15013165990939,"sma":20442086431.454044,"lan":189.21174779974376,"maae":6.1756018417233189,"referenceBody":"Sun","semiLatusRectum":18933099157.690353,"semiMinorAxis":19673130137.240387,"closestEncounterBody":"Duna"}]},{"UT":249648.24597705185,"deltaV":[0,147.67598293863463,164.4532559979971],"PeA":6698344.3840048527,"ApA":-1132963560.9003463,"inclination":44.856205057993911,"eccentricity":1.0129740823498277,"epoch":249648.24597705185,"period":44608299.464286163,"argumentOfPeriapsis":235.83947151953751,"sma":-562532608.25817072,"lan":290.32434970185096,"maae":0.0093155822901108687,"referenceBody":"Kerbin","closestEncounterBody":"Minmus","orbitPatches":[{"startUT":249648.24597705185,"endUT":395495.55969337304,"patchEndTransition":"ESCAPE","PeA":6698344.3840048527,"ApA":-1132963560.9003463,"inclination":44.856205057993911,"eccentricAnomaly":1.0129740823498277,"eccentricity":1.0129740823498277,"epoch":249648.24597705185,"period":44608299.464286163,"argumentOfPeriapsis":235.83947151953751,"sma":-562532608.25817072,"lan":290.32434970185096,"maae":0.0093155822901108687,"referenceBody":"Kerbin","semiLatusRectum":14691378.0890653,"semiMinorAxis":-90908631.247801647,"closestEncounterBody":"Minmus"},{"startUT":395495.55969337304,"endUT":5375632.0491160313,"patchEndTransition":"MANEUVER","PeA":13296574823.318323,"ApA":14695707106.638079,"inclination":0.773078047230232,"eccentricAnomaly":0.04906570706946127,"eccentricity":0.04906570706946127,"epoch":395495.55969337304,"period":9879398.224242609,"argumentOfPeriapsis":18.705152964128875,"sma":14257740964.9782,"lan":189.21174764493912,"maae":6.0900563173396947,"referenceBody":"Sun","semiLatusRectum":14223416257.5958,"semiMinorAxis":14240568269.484917,"closestEncounterBody":null},{"startUT":5375632.0491160313,"endUT":22336272.264848411,"patchEndTransition":"FINAL","PeA":14626492528.482819,"ApA":25734480334.42527,"inclination":0.77307805907992067,"eccentricAnomaly":0.27169408179516097,"eccentricity":0.27169408179516097,"epoch":5375632.0491160313,"period":16960640.215732381,"argumentOfPeriapsis":201.15013165990939,"sma":20442086431.454044,"lan":189.21174779974376,"maae":6.1756018417233189,"referenceBody":"Sun","semiLatusRectum":18933099157.690353,"semiMinorAxis":19673130137.240387,"closestEncounterBody":"Duna"}]},{"UT":5375632.0491160313,"deltaV":[-491.36345852548351,0,1324.2901526799171],"PeA":14626492528.482819,"ApA":25734480334.42527,"inclination":0.77307805907992067,"eccentricity":0.27169408179516097,"epoch":5375632.0491160313,"period":16960640.215732381,"argumentOfPeriapsis":201.15013165990939,"sma":20442086431.454044,"lan":189.21174779974376,"maae":6.1756018417233189,"referenceBody":"Sun","closestEncounterBody":"Duna","orbitPatches":[{"startUT":5375632.0491160313,"endUT":22336272.264848411,"patchEndTransition":"FINAL","PeA":14626492528.482819,"ApA":25734480334.42527,"inclination":0.77307805907992067,"eccentricAnomaly":0.27169408179516097,"eccentricity":0.27169408179516097,"epoch":5375632.0491160313,"period":16960640.215732381,"argumentOfPeriapsis":201.15013165990939,"sma":20442086431.454044,"lan":189.21174779974376,"maae":6.1756018417233189,"referenceBody":"Sun","semiLatusRectum":18933099157.690353,"semiMinorAxis":19673130137.240387,"closestEncounterBody":"Duna"}]}],"tar.o.orbitPatches":[],"tar.o.orbitingBody":"Kerbin","tar.type":"CelestialBody","tar.name":"Mun","v.body":"Kerbin","t.universalTime":174093.02265235182,"o.orbitPatches":[{"startUT":174093.02265235182,"endUT":177681.54654618102,"patchEndTransition":"FINAL","PeA":162885.78784049931,"ApA":733692.80767310807,"inclination":1.9408030248063592,"eccentricAnomaly":0.27225643772862029,"eccentricity":0.27225643772862029,"epoch":174093.02265235182,"period":3588.5238938292041,"argumentOfPeriapsis":167.83289933182087,"sma":1048289.2977568037,"lan":136.67723149804459,"maae":2.8997200413868409,"referenceBody":"Kerbin","semiLatusRectum":970586.354831746,"semiMinorAxis":1008689.8870906294,"closestEncounterBody":null}]}