{"o.maneuverNodes":[],"tar.o.orbitPatches":[{"startUT":173139.08265285156,"endUT":175096.04942686579,"patchEndTransition":"FINAL","PeA":90236.2909610949,"ApA":109209.95317022712,"inclination":1.56336210353106,"eccentricAnomaly":0.0135579785852438,"eccentricity":0.0135579785852438,"epoch":147399.762752241,"period":1956.9667740142322,"argumentOfPeriapsis":97.1478767842084,"sma":699723.122065661,"lan":19.6843435783128,"maae":5.96971726096558,"referenceBody":"Kerbin","semiLatusRectum":699594.496832848,"semiMinorAxis":699658.80798351229,"closestEncounterBody":null}],"tar.o.orbitingBody":"Kerbin","tar.type":"Vessel","tar.name":"Untitled Space Craft","v.body":"Kerbin","t.universalTime":173139.08265285156,"o.orbitPatches":[{"startUT":173139.08265285156,"endUT":176727.75086226029,"patchEndTransition":"FINAL","PeA":162857.12167129468,"ApA":733777.68394168932,"inclination":1.940802794002394,"eccentricAnomaly":0.27230329323063823,"eccentricity":0.27230329323063823,"epoch":173139.08265285156,"period":3588.6682094087173,"argumentOfPeriapsis":167.82848766614785,"sma":1048317.4028064919,"lan":136.67721567714437,"maae":1.2294999067940768,"referenceBody":"Kerbin","semiLatusRectum":970585.62816683389,"semiMinorAxis":1008703.0310855435,"closestEncounterBody":null}]}