{"o.maneuverNodes":[{"UT":146780.944191088,"deltaV":[0,0,851.573096213518],"PeA":106054.29752319679,"ApA":12007039.412404276,"inclination":1.5633579893804446,"eccentricity":0.89393084539070022,"epoch":146780.944191088,"period":57420.583875934833,"argumentOfPeriapsis":325.42947283487337,"sma":6656546.8549637366,"lan":19.683972354022671,"maae":6.282653939059486,"referenceBody":"Kerbin","closestEncounterBody":"Mun","orbitPatches":[{"startUT":146780.944191088,"endUT":158734.3436787097,"patchEndTransition":"ENCOUNTER","PeA":106054.29752319679,"ApA":12007039.412404276,"inclination":1.5633579893804446,"eccentricAnomaly":0.89393084539070022,"eccentricity":0.89393084539070022,"epoch":146780.944191088,"period":57420.583875934833,"argumentOfPeriapsis":325.42947283487337,"sma":6656546.8549637366,"lan":19.683972354022671,"maae":6.282653939059486,"referenceBody":"Kerbin","semiLatusRectum":1337218.0125998412,"semiMinorAxis":2983497.0012004967,"closestEncounterBody":"Mun"},{"startUT":158734.3436787097,"endUT":167159.65466312694,"patchEndTransition":"ESCAPE","PeA":1092520.9437565699,"ApA":-2161488.0567986909,"inclination":8.9205943777287136,"eccentricAnomaly":4.8642286550645055,"eccentricity":4.8642286550645055,"epoch":158734.3436787097,"period":4762.3739260932562,"argumentOfPeriapsis":96.442383457929708,"sma":-334483.55652106041,"lan":293.24360297519479,"maae":-5.55792467553046,"referenceBody":"Mun","semiLatusRectum":7579638.355648296,"semiMinorAxis":-1592251.3602885331,"closestEncounterBody":null},{"startUT":167159.65466312694,"endUT":226903.453123573,"patchEndTransition":"MANEUVER","PeA":1440780.0108201297,"ApA":16680659.940288223,"inclination":5.0629700199741681,"eccentricAnomaly":0.78875487375845788,"eccentricity":0.78875487375845788,"epoch":167159.65466312694,"period":100394.13799043591,"argumentOfPeriapsis":18.670787136428807,"sma":9660719.9755541757,"lan":346.10067734132713,"maae":1.2755224805712606,"referenceBody":"Kerbin","semiLatusRectum":3650455.1906233472,"semiMinorAxis":5938520.4706155881,"closestEncounterBody":null},{"startUT":226903.453123573,"endUT":409577.87036277517,"patchEndTransition":"ESCAPE","PeA":5474262.2061406057,"ApA":-90957039.095838323,"inclination":13.896333274604547,"eccentricAnomaly":1.1441400587474733,"eccentricity":1.1441400587474733,"epoch":226903.453123573,"period":914655.13053630025,"argumentOfPeriapsis":74.206919184249983,"sma":-42141388.444848858,"lan":224.16337524220364,"maae":-0.10231497096648323,"referenceBody":"Kerbin","semiLatusRectum":13024068.923521874,"semiMinorAxis":-23427597.991228633,"closestEncounterBody":"Minmus"},{"startUT":409577.87036277517,"endUT":8537601.8263478782,"patchEndTransition":"FINAL","PeA":11187390563.600018,"ApA":13326491035.687782,"inclination":0.43641962008426122,"eccentricAnomaly":0.085437292825239389,"eccentricity":0.085437292825239389,"epoch":409577.87036277517,"period":8128023.9559851037,"argumentOfPeriapsis":353.29159336589447,"sma":12518540799.6439,"lan":9.7007392527489174,"maae":3.4019459661562097,"referenceBody":"Sun","semiLatusRectum":12427161322.935715,"semiMinorAxis":12472767377.167242,"closestEncounterBody":null}]},{"UT":226903.453123573,"deltaV":[0,156.422377098105,349.237673190008],"PeA":5474262.2061406057,"ApA":-90957039.095838323,"inclination":13.896333274604547,"eccentricity":1.1441400587474733,"epoch":226903.453123573,"period":914655.13053630025,"argumentOfPeriapsis":74.206919184249983,"sma":-42141388.444848858,"lan":224.16337524220364,"maae":-0.10231497096648323,"referenceBody":"Kerbin","closestEncounterBody":"Minmus","orbitPatches":[{"startUT":226903.453123573,"endUT":409577.87036277517,"patchEndTransition":"ESCAPE","PeA":5474262.2061406057,"ApA":-90957039.095838323,"inclination":13.896333274604547,"eccentricAnomaly":1.1441400587474733,"eccentricity":1.1441400587474733,"epoch":226903.453123573,"period":914655.13053630025,"argumentOfPeriapsis":74.206919184249983,"sma":-42141388.444848858,"lan":224.16337524220364,"maae":-0.10231497096648323,"referenceBody":"Kerbin","semiLatusRectum":13024068.923521874,"semiMinorAxis":-23427597.991228633,"closestEncounterBody":"Minmus"},{"startUT":409577.87036277517,"endUT":8537601.8263478782,"patchEndTransition":"FINAL","PeA":11187390563.600018,"ApA":13326491035.687782,"inclination":0.43641962008426122,"eccentricAnomaly":0.085437292825239389,"eccentricity":0.085437292825239389,"epoch":409577.87036277517,"period":8128023.9559851037,"argumentOfPeriapsis":353.29159336589447,"sma":12518540799.6439,"lan":9.7007392527489174,"maae":3.4019459661562097,"referenceBody":"Sun","semiLatusRectum":12427161322.935715,"semiMinorAxis":12472767377.167242,"closestEncounterBody":null}]}],"tar.o.orbitPatches":[],"v.body":"Kerbin","t.universalTime":147160.04275236672,"o.orbitPatches":[{"startUT":147160.04275236672,"endUT":149117.02304247487,"patchEndTransition":"FINAL","PeA":90272.89816471457,"ApA":109179.7896205791,"inclination":1.5633703799683045,"eccentricAnomaly":0.013510204111141308,"eccentricity":0.013510204111141308,"epoch":147160.04275236672,"period":1956.9802901081453,"argumentOfPeriapsis":97.286878556740518,"sma":699726.34389264684,"lan":19.684373048659324,"maae":5.1976325353386494,"referenceBody":"Kerbin","semiLatusRectum":699598.62591130938,"semiMinorAxis":699662.48198773654,"closestEncounterBody":null}]}