{"o.maneuverNodes":[{"UT":138857.93658021934,"deltaV":[0,171.1926681674567,850.07431981421053],"PeA":107862.69418292877,"ApA":12279061.620702207,"inclination":4.3177673678253479,"eccentricity":0.89580236442364947,"epoch":138857.93658021934,"period":59201.247054438194,"argumentOfPeriapsis":344.04313227447284,"sma":6793462.1574425679,"lan":343.54033882920692,"maae":6.282825109014742,"referenceBody":"Kerbin","closestEncounterBody":"Mun","orbitPatches":[{"startUT":138857.93658021934,"endUT":150930.76458527776,"patchEndTransition":"ENCOUNTER","PeA":107862.69418292877,"ApA":12279061.620702207,"inclination":4.3177673678253479,"eccentricAnomaly":0.89580236442364947,"eccentricity":0.89580236442364947,"epoch":138857.93658021934,"period":59201.247054438194,"argumentOfPeriapsis":344.04313227447284,"sma":6793462.1574425679,"lan":343.54033882920692,"maae":6.282825109014742,"referenceBody":"Kerbin","semiLatusRectum":1341967.7693192982,"semiMinorAxis":3019371.9971838878,"closestEncounterBody":"Mun"},{"startUT":150930.76458527776,"endUT":160234.02375790442,"patchEndTransition":"ESCAPE","PeA":673294.16047369549,"ApA":-1794118.0537748316,"inclination":22.208819848552018,"eccentricAnomaly":3.4230444317662556,"eccentricity":3.4230444317662556,"epoch":150930.76458527776,"period":5326.7228446288473,"argumentOfPeriapsis":104.87279221750769,"sma":-360411.946650568,"lan":271.20883876088124,"maae":-5.486873770903923,"referenceBody":"Mun","semiLatusRectum":3862618.873777166,"semiMinorAxis":-1179887.27744105,"closestEncounterBody":null},{"startUT":160234.02375790442,"endUT":313884.32041945017,"patchEndTransition":"FINAL","PeA":3151001.8973952825,"ApA":21308970.697882712,"inclination":14.785046070312656,"eccentricAnomaly":0.7076378874944278,"eccentricity":0.7076378874944278,"epoch":160234.02375790442,"period":153650.29666154573,"argumentOfPeriapsis":43.4099284198178,"sma":12829986.297638997,"lan":322.51946437243271,"maae":0.93762340082035867,"referenceBody":"Kerbin","semiLatusRectum":6405352.9560556663,"semiMinorAxis":9065351.10504473,"closestEncounterBody":null}]}],"tar.o.orbitPatches":[],"v.body":"Kerbin","t.universalTime":146045.64275295314,"o.orbitPatches":[{"startUT":146045.64275295314,"endUT":148002.63460086603,"patchEndTransition":"FINAL","PeA":90157.5376632266,"ApA":109300.66017075663,"inclination":1.5633621426381337,"eccentricAnomaly":0.013678952709812233,"eccentricity":0.013678952709812233,"epoch":146045.64275295314,"period":1956.9918479129117,"argumentOfPeriapsis":97.454209430235224,"sma":699729.09891699161,"lan":19.683075235488104,"maae":1.6167469563895485,"referenceBody":"Kerbin","semiLatusRectum":699598.16998324241,"semiMinorAxis":699663.631387505,"closestEncounterBody":null}]}