{ "v.missionTime": 35599.364117760924, "t.universalTime": 35619.644117760923, "t.timeWarp": false}